,title,awards
0,The conjunction: A novel,Booker Prize
1,EVA TROUT Or Changing Scenes By ELIZABETH BOWEN 1968 first edition,Booker Prize
2,The Elected Member,Booker Prize
3,An Insular Possesion,Booker Prize
4,A Prodigal Child: A Novel,Booker Prize
5,King Fisher lives,Booker Prize
6,Praxis: A Novel,Booker Prize
7,In Custody,Booker Prize
8,Instant in the Wind,Booker Prize
9,Rumors of Rain: A Novel of Corruption and Redemption,Booker Prize
10,Sour Sweet,Booker Prize
11,I'll Go to Bed at Noon,Booker Prize
12,Rhine Journey,Booker Prize
13,Jigsaw: An Unsentimental Education: A Novel,Booker Prize
14,"Joseph: The life of Joseph Bosham, self-styled 3rd Viscount of Bosham, covering the years from 1790 to 1813",Booker Prize
15,Gabriel's Lament,Booker Prize
16,In every face I meet,Booker Prize
17,"John Brown's body,",Booker Prize
18,Circles of Deceit,Booker Prize
19,Rising,Booker Prize
20,Serenity House,Booker Prize
21,Peter Smart's Confessions,Booker Prize
22,An Awfully Big Adventure: A Novel,Booker Prize
23,St. Urbain's Horseman,Booker Prize
24,Astonishing Splashes of Colour,Booker Prize
25,A Green Equinox,Booker Prize
26,Heat and Dust: A Novel,Booker Prize
27,The Electric Michelangelo,Booker Prize
28,The big chapel,Booker Prize
29,Silence among the weapons: Some events at the time of the failure of a republic,Booker Prize
30,The Sirian Experiments,Booker Prize
31,The Good Terrorist,Booker Prize
32,"How Late It Was, How Late: A Novel",Booker Prize
33,Daughters of the House: A Novel,Booker Prize
34,Lies of Silence: A Novel,Booker Prize
35,Saville,Booker Prize
36,God on the Rocks,Booker Prize
37,A Five Year Sentence,Booker Prize
38,The Bottle Factory Outing: A Novel,Booker Prize
39,Rates of Exchange: A Novel,Booker Prize
40,The Chant of Jimmie Blacksmith: A Novel,Booker Prize
41,The Good Doctor: A Novel,Booker Prize
42,Impossible Object (Dalkey Archive Essentials),Booker Prize
43,Loitering with Intent,Booker Prize
44,Shame: A Novel,Booker Prize
45,Something to Answer For,Booker Prize
46,Mother's Milk: A Novel (The Patrick Melrose Novels Book 4),Booker Prize
47,From Scenes Like These,Booker Prize
48,The Bird of Night,Booker Prize
49,The Clothes On Their Backs: A Novel,Booker Prize
50,Empire of the Sun,Booker Prize
51,Holiday,Booker Prize
52,No Country for Young Men,Booker Prize
53,The Dressmaker: A Novel,Booker Prize
54,A Disaffection,Booker Prize
55,Restoration,Booker Prize
56,Dirt Music: A Novel,Booker Prize
57,The Essence of the Thing,Booker Prize
58,The Orchard on Fire: A Novel,Booker Prize
59,Illywhacker (Vintage International),Booker Prize
60,The Underground Man,Booker Prize
61,Scar Tissue: A Novel,Booker Prize
62,What's Bred in the Bone (Cornish Trilogy Book 2),Booker Prize
63,In Their Wisdom,Booker Prize
64,Our Fathers: A Novel by the Author of The Missing,Booker Prize
65,Last Letters from Hav,Booker Prize
66,Goshawk Squadron (R.F.C Quartet),Booker Prize
67,Two Lives,Booker Prize
68,The Ghost Road (Regeneration Book 3),Booker Prize
69,Under the Frog: A Novel,Booker Prize
70,The Accidental,Booker Prize
71,The Restraint of Beasts,Booker Prize
72,The Beginning of Spring,Booker Prize
73,Briefing for a Descent into Hell (Vintage International),Booker Prize
74,The Doctor's Wife: A Novel,Booker Prize
75,Offshore: A Novel,Booker Prize
76,The Gate of Angels,Booker Prize
77,Oxygen,Booker Prize
78,The Dark Room,Booker Prize
79,Grace Notes: A Novel,Booker Prize
80,The Van: A Novel (The Barrytown Trilogy Book 3),Booker Prize
81,The Black Prince (Penguin Classics),Booker Prize
82,The Deposition of Father McGreevy,Booker Prize
83,The Folding Star: A Novel,Booker Prize
84,The 27th Kingdom,Booker Prize
85,Figures in a Landscape,Booker Prize
86,Flying to Nowhere: A Tale,Booker Prize
87,English Passengers: A Novel,Booker Prize
88,Shadows on Our Skin: A Novel,Booker Prize
89,Chatterton,Booker Prize
90,Brick Lane: A Novel,Booker Prize
91,Colour of Blood (Transaction Large Print Books),Booker Prize
92,The Illusionist,Booker Prize
93,Europa: A Novel,Booker Prize
94,THE BATTLE OF POLLOCKS CROSSING,Booker Prize
95,Beside the Ocean of Time,Booker Prize
96,Solomon Gursky Was Here,Booker Prize
97,"Constance: Or, Solitary Practices (The Avignon Quintet)",Booker Prize
98,In a Free State: A Novel (Vintage International),Booker Prize
99,Carry Me Down,Booker Prize
100,According to Mark: A Novel,Booker Prize
101,Reef,Booker Prize
102,Morality Play,Booker Prize
103,The Northern Clemency,Booker Prize
104,"Every Man for Himself (Bainbridge, Beryl)",Booker Prize
105,Headlong: A Novel (Bestselling Backlist),Booker Prize
106,The Lost Father,Booker Prize
107,The Stone Diaries: (Penguin Classics Deluxe Edition),Booker Prize
108,The Old Devils,Booker Prize
109,Mrs Eckdorf in O'Neills Hotel,Booker Prize
110,The Blackwater Lightship,Booker Prize
111,Vernon God Little (Man Booker Prize),Booker Prize
112,The Hiding Place: A Novel,Booker Prize
113,Earthly Powers,Booker Prize
114,Quarantine: A Novel,Booker Prize
115,Bruno's Dream: A Novel,Booker Prize
116,The Moor's Last Sigh,Booker Prize
117,The Secret River,Booker Prize
118,Sacred Hunger,Booker Prize
119,The Siege of Krishnapur (Empire Trilogy),Booker Prize
120,Jake's Thing: 2,Booker Prize
121,Ending Up (NYRB Classics),Booker Prize
122,Animal's People: A Novel,Booker Prize
123,Pascali's Island,Booker Prize
124,Breakfast on Pluto: A Novel,Booker Prize
125,Mister Pip,Booker Prize
126,Knowledge of Angels,Booker Prize
127,The Bookshop,Booker Prize
128,The Industry of Souls: A Novel,Booker Prize
129,The God of Small Things: A Novel,Booker Prize
130,The Redundancy of Courage,Booker Prize
131,Confederates: A Novel,Booker Prize
132,What Was She Thinking?: Notes on a Scandal,Booker Prize
133,The Children of Dynmouth,Booker Prize
134,The Butcher Boy,Booker Prize
135,The Book and the Brotherhood,Booker Prize
136,The Riders,Booker Prize
137,Master Georgie: A Novel,Booker Prize
138,True History of the Kelly Gang: A Novel (Vintage International),Booker Prize
139,Number9Dream: A Novel,Booker Prize
140,"England, England",Booker Prize
141,Unless: A Novel (P.S.),Booker Prize
142,In the Country of Men: A Novel,Booker Prize
143,Darkmans,Booker Prize
144,Good Behaviour,Booker Prize
145,Gossip From The Forest,Booker Prize
146,The Nice and the Good,Booker Prize
147,Oscar and Lucinda: movie tie-in edition (Vintage International),Booker Prize
148,The Keepers of Truth: A Novel,Booker Prize
149,"Rites of Passage: A Novel (To the Ends of the Earth, 1)",Booker Prize
150,Nice Work (King Penguin),Booker Prize
151,"Sea of Poppies: A Novel (The Ibis Trilogy, 1)",Booker Prize
152,The Road to Lichfield,Booker Prize
153,Remembering Babylon,Booker Prize
154,Never Let Me Go,Booker Prize
155,A Long Long Way,Booker Prize
156,Paddy Clarke Ha Ha Ha,Booker Prize
157,The Story of Lucy Gault: A Novel,Booker Prize
158,Crossing the River,Booker Prize
159,Hotel World,Booker Prize
160,On Chesil Beach,Booker Prize
161,Bitter Fruit: A Novel,Booker Prize
162,Such a Long Journey (Vintage International),Booker Prize
163,The Public Image (Revived Modern Classic),Booker Prize
164,Small World,Booker Prize
165,Family Matters,Booker Prize
166,G.: A Novel,Booker Prize
167,"Fasting, Feasting",Booker Prize
168,An Ice-Cream War: A Novel,Booker Prize
169,Atonement: A Novel,Booker Prize
170,The Comfort of Strangers,Booker Prize
171,Black Dogs: A Novel,Booker Prize
172,The Line of Beauty: A Novel,Booker Prize
173,The Master: A Novel,Booker Prize
174,The Secret Scripture,Booker Prize
175,Great Granny Webster (New York Review Books Classics),Booker Prize
176,When We Were Orphans: A Novel,Booker Prize
177,Staying On: A Novel (Phoenix Fiction),Booker Prize
178,Arthur & George,Booker Prize
179,The Conservationist,Booker Prize
180,Utz,Booker Prize
181,The Good Apprentice,Booker Prize
182,Disgrace: A Novel,Booker Prize
183,A Bend in the River (Vintage International),Booker Prize
184,Amongst Women,Booker Prize
185,The Sea,Booker Prize
186,The Beggar Maid: Stories of Flo and Rose,Booker Prize
187,Clear Light Of Day,Booker Prize
188,Anthills of the Savannah,Booker Prize
189,A Fraction of the Whole: A Novel,Booker Prize
190,The Map of Love: A Novel,Booker Prize
191,Schindler's List,Booker Prize
192,Waterland,Booker Prize
193,Flaubert's Parrot,Booker Prize
194,"The Blind Assassin: A Novel, Cover may vary",Booker Prize
195,The Reluctant Fundamentalist,Booker Prize
196,Last Orders,Booker Prize
197,Oryx and Crake,Booker Prize
198,Life and Times of Michael K: A Novel,Booker Prize
199,The Bone People: A Novel,Booker Prize
200,The English Patient,Booker Prize
201,Hotel Du Lac: A Novel,Booker Prize
202,Mrs Palfrey At The Claremont: A Virago Modern Classic (Virago Modern Classics Book 2),Booker Prize
203,The Inheritance of Loss,Booker Prize
204,Time's Arrow,Booker Prize
205,The Book of Evidence,Booker Prize
206,Quartet in Autumn,Booker Prize
207,The Night Watch,Booker Prize
208,Reading in the Dark: A Novel,Booker Prize
209,Midnight's Children,Booker Prize
210,On Beauty: A Novel,Booker Prize
211,The Famished Road: A Novel (The Famished Road Trilogy),Booker Prize
212,Amsterdam: A Novel,Booker Prize
213,The White Hotel,Booker Prize
214,The Handmaid's Tale,Booker Prize
215,The Remains of the Day,Booker Prize
216,Cloud Atlas: A Novel,Booker Prize
217,Alias Grace,Booker Prize
218,A Fine Balance (Vintage International),Booker Prize
219,The White Tiger: A Novel,Booker Prize
220,Fingersmith,Booker Prize
221,A Month in the Country (New York Review Books Classics),Booker Prize
222,Cat's Eye,Booker Prize
223,Life of Pi,Booker Prize
224,An Artist of the Floating World,Booker Prize
225,The Gathering,Booker Prize
226,Possession,Booker Prize
227,"The Sea, the Sea",Booker Prize
228,The Satanic Verses,Booker Prize
229,Moon Tiger,Booker Prize
0,When Will the World Be Mine?,Caldecott Medal
1,"Vtg Opan Wheeler / Sing in Praise A Collection of Best Loved Hymns 1st Edition 1946 [Hardcover] Wheeler, Opan; illustrated by Marjorie Torrey",Caldecott Medal
2,Bambino the Clown: 2,Caldecott Medal
3,All Around the Town,Caldecott Medal
4,Five Little Monkeys,Caldecott Medal
5,The Wild Birthday Cake,Caldecott Medal
6,Four and Twenty Black Birds - Old Nursery Rhymes,Caldecott Medal
7,The World of Will and Nicolas: 3 Classic Stories by the Caldecott Medal Winners,Caldecott Medal
8,Mr. T.W. Anthony Woo: The Story of a Cat and a Dog and a Mouse,Caldecott Medal
9,Sun Is a Golden Earring,Caldecott Medal
10,The Mighty Hunter,Caldecott Medal
11,Cock-a-Doodle Doo-The Story of a Little Red Rooster,Caldecott Medal
12,All Falling Down,Caldecott Medal
13,Marshmallow: An Easter And Springtime Book For Kids,Caldecott Medal
14,Barkis,Caldecott Medal
15,Little Bear's Visit (An I Can Read Book),Caldecott Medal
16,A Pocketful of Cricket,Caldecott Medal
17,All in the Morning Early,Caldecott Medal
18,the faithful friend,Caldecott Medal
19,Always Room for One More- 1965 (The Caldecott Medal),Caldecott Medal
20,The Ageless Story,Caldecott Medal
21,The Forest Pool,Caldecott Medal
22,Ethan Allen,Caldecott Medal
23,Small Rain,Caldecott Medal
24,The two Reds,Caldecott Medal
25,Don't Let the Pigeon Drive the Bus!,Caldecott Medal
26,Starry Messenger: Galileo Galilei,Caldecott Medal
27,Feather Mountain,Caldecott Medal
28,Goldilocks and the Three Bears,Caldecott Medal
29,John Henry (Picture Puffins),Caldecott Medal
30,Nothing At All (Fesler-Lampert Minnesota Heritage),Caldecott Medal
31,"Ten, Nine, Eight",Caldecott Medal
32,The Song of the Swallows,Caldecott Medal
33,"Pedro, the Angel of Olvera Street",Caldecott Medal
34,Juanita,Caldecott Medal
35,Wee Gillis,Caldecott Medal
36,Mister Penny's,Caldecott Medal
37,"Fly High, Fly Low (50th Anniversary ed.)",Caldecott Medal
38,Fish in the Air,Caldecott Medal
39,Anatole and the Cat,Caldecott Medal
40,Anatole,Caldecott Medal
41,1 Is One (Tasha Tudor's Collection),Caldecott Medal
42,Roger and the Fox,Caldecott Medal
43,Green Eyes (Family Storytime),Caldecott Medal
44,Madeline's Rescue,Caldecott Medal
45,The angry moon,Caldecott Medal
46,Just Me,Caldecott Medal
47,Always Room for One More,Caldecott Medal
48,AN AMERICAN ABC,Caldecott Medal
49,Hershel and the Hanukkah Goblins: 25th Anniversary Edition,Caldecott Medal
50,Day We Saw the Sun Come Up,Caldecott Medal
51,Rain Drop Splash,Caldecott Medal
52,The Moon Jumpers,Caldecott Medal
53,Peppe the Lamplighter,Caldecott Medal
54,You Can Write Chinese,Caldecott Medal
55,The Girl Who Loved Wild Horses,Caldecott Medal
56,Dash and Dart,Caldecott Medal
57,Free Fall: A Caldecott Honor Award Winner,Caldecott Medal
58,The Christmas Anna Angel,Caldecott Medal
59,Little Lost Lamb,Caldecott Medal
60,The Boy of the Three-Year Nap,Caldecott Medal
61,Hildilid's Night,Caldecott Medal
62,So You Want to Be an Inventor?,Caldecott Medal
63,Marguerite de Angeli's Book of Nursery and Mother Goose Rhymes,Caldecott Medal
64,My Mother Is the Most Beautiful Woman in the World: A Russian Folk Tale,Caldecott Medal
65,Prayer for a Child,Caldecott Medal
66,The Paperboy,Caldecott Medal
67,"Tom Tit Tot, An English Folk Tale Illustrated By Evaline Ness",Caldecott Medal
68,Hush! A Thai Lullaby,Caldecott Medal
69,Gillespie and the Guards,Caldecott Medal
70,Umbrella (Picture Puffin Books),Caldecott Medal
71,Frog Went A-Courtin',Caldecott Medal
72,The House That Jack Built/ La Maison Que Jacques a Batie: A Picture Book in Two Languages (English and French Edition),Caldecott Medal
73,Puss in Boots Illustrated: Classic Tale,Caldecott Medal
74,Mother Goose and Nursery Rhymes,Caldecott Medal
75,Timothy Turtle,Caldecott Medal
76,Houses from the Sea,Caldecott Medal
77,"T-Bone, the Baby-Sitter",Caldecott Medal
78,Skipper John's Cook,Caldecott Medal
79,Yo! Yes?,Caldecott Medal
80,Frederick,Caldecott Medal
81,Seven Simeons,Caldecott Medal
82,On Market Street,Caldecott Medal
83,Sing Mother Goose,Caldecott Medal
84,Raven: A Trickster Tale from the Pacific Northwest: A Caldecott Honor Award Winner,Caldecott Medal
85,Rapunzel(Paperback) - 2002 Edition,Caldecott Medal
86,Henry-Fisherman,Caldecott Medal
87,One Wide River To Cross (Emberley) by Barbara Emberley (2015-07-01),Caldecott Medal
88,The Judge: An Untrue Tale,Caldecott Medal
89,Alexander and the Wind-Up Mouse,Caldecott Medal
90,The Wave,Caldecott Medal
91,Abraham Lincoln,Caldecott Medal
92,Alphabatics,Caldecott Medal
93,Nine Days to Christmas: A Story of Mexico (English Edition),Caldecott Medal
94,The Most Wonderful Doll in the World,Caldecott Medal
95,Golem,Caldecott Medal
96,Make Way for Ducklings,Caldecott Medal
97,Gone Wild,Caldecott Medal
98,The Amazing Bone,Caldecott Medal
99,Time Flies (Caldecott Honor Book),Caldecott Medal
100,Bear Party,Caldecott Medal
101,"Duke Ellington: The Piano Prince and His Orchestra (Great Black Performers, 2)",Caldecott Medal
102,Grandfather's Journey,Caldecott Medal
103,Sylvester and the Magic Pebble,Caldecott Medal
104,"Abraham Lincoln, 75th Anniversary Edition",Caldecott Medal
105,Lion,Caldecott Medal
106,The Fool of the World and the Flying Ship: A Russian Tale,Caldecott Medal
107,In My Mother's House,Caldecott Medal
108,The Emperor and the Kite (Paperstar Book),Caldecott Medal
109,Happy Day (Rise and Shine),Caldecott Medal
110,The Village of Round and Square Houses,Caldecott Medal
111,Seashore Story,Caldecott Medal
112,Pierre Pidgeon,Caldecott Medal
113,Harlem,Caldecott Medal
114,The Boats on the River,Caldecott Medal
115,The Biggest Bear: A Caldecott Award Winner,Caldecott Medal
116,Duffy and the Devil,Caldecott Medal
117,"Very Special House, A",Caldecott Medal
118,Where the Buffaloes Begin,Caldecott Medal
119,Strega Nona (Spanish) (Spanish Edition),Caldecott Medal
120,Pop Corn and Ma Goodness,Caldecott Medal
121,Shadow,Caldecott Medal
122,Jumanji,Caldecott Medal
123,"Thy Friend, Obadiah",Caldecott Medal
124,The Graphic Alphabet (Caldecott Honor Book),Caldecott Medal
125,Black and White: A Caldecott Award Winner,Caldecott Medal
126,The Egg Tree,Caldecott Medal
127,"A Story, a Story",Caldecott Medal
128,Once a Mouse...,Caldecott Medal
129,Finders Keepers (Turtleback School & Library Binding Edition),Caldecott Medal
130,THREE JOVIAL HUNTSMEN (Mother Goose Rhyme),Caldecott Medal
131,In the Forest,Caldecott Medal
132,When Clay Sings,Caldecott Medal
133,Ben's Trumpet: A Caldecott Honor Award Winner,Caldecott Medal
134,The Rooster Crows : A Book of American Rhymes and Jingles,Caldecott Medal
135,Mice Twice,Caldecott Medal
136,Frog and Toad are Friends,Caldecott Medal
137,"Hey, Al",Caldecott Medal
138,The Contest: A Caldecott Honor Award Winner,Caldecott Medal
139,"Journey Cake, Ho! (Picture Puffins)",Caldecott Medal
140,"White Snow, Bright Snow",Caldecott Medal
141,Alphabet City,Caldecott Medal
142,The Bremen-Town Musicians,Caldecott Medal
143,Swamp Angel,Caldecott Medal
144,Why the Sun and the Moon Live in the Sky: A Caldecott Honor Award Winner,Caldecott Medal
145,Working Cotton,Caldecott Medal
146,The Big Snow,Caldecott Medal
147,A Child's Calendar (20th Anniversary Edition),Caldecott Medal
148,Ape in a Cape: An Alphabet of Odd Animals,Caldecott Medal
149,Hondo and Fabian,Caldecott Medal
150,A Child's Good Night Book,Caldecott Medal
151,MEI LI,Caldecott Medal
152,Mother Goose,Caldecott Medal
153,Inch by Inch,Caldecott Medal
154,Tibet Through the Red Box (Caldecott Honor Book),Caldecott Medal
155,Casey at the Bat: A Ballad of the Republic Sung in the Year 1888 (Caldecott Honor Book),Caldecott Medal
156,Song and Dance Man: (Caldecott Medal Winner) (Dragonfly Books),Caldecott Medal
157,Snow-White and the Seven Dwarfs: A Tale from the Brothers Grimm (Sunburst Book),Caldecott Medal
158,Mirandy and Brother Wind (Dragonfly Books),Caldecott Medal
159,April's Kittens: A Caldecott Honor Award Winner,Caldecott Medal
160,Cinderella,Caldecott Medal
161,Seven Blind Mice (Reading Railroad),Caldecott Medal
162,Ella Sarah Gets Dressed: A Caldecott Honor Award Winner,Caldecott Medal
163,"In the Small, Small Pond",Caldecott Medal
164,Hide and Seek Fog,Caldecott Medal
165,Animals of the Bible: A Caldecott Award Winner,Caldecott Medal
166,The Treasure (Sunburst Book),Caldecott Medal
167,Rosa,Caldecott Medal
168,Baboushka and the Three Kings,Caldecott Medal
169,Mirette on the High Wire,Caldecott Medal
170,Yonie Wondernose/Out of Print,Caldecott Medal
171,Rain Makes Applesauce,Caldecott Medal
172,Have You Seen My Duckling?,Caldecott Medal
173,Ashanti to Zulu: African Traditions (Picture Puffin Books),Caldecott Medal
174,"Martin's Big Words: The Life of Dr. Martin Luther King, Jr. (Caldecott Honor Book) (A Big Words Book, 1)",Caldecott Medal
175,Many Moons,Caldecott Medal
176,One Fine Day,Caldecott Medal
177,The Dinosaurs of Waterhouse Hawkins (Caldecott Honor Book),Caldecott Medal
178,They Were Strong and Good,Caldecott Medal
179,Andy and the Lion (Picture Puffins),Caldecott Medal
180,The Grey Lady and the Strawberry Snatcher,Caldecott Medal
181,May I Bring a Friend?,Caldecott Medal
182,The Gardener,Caldecott Medal
183,The Stray Dog: From a True Story by Reiko Sassa,Caldecott Medal
184,My Friend Rabbit: A Picture Book,Caldecott Medal
185,The Thanksgiving Story,Caldecott Medal
186,The Desert Is Theirs,Caldecott Medal
187,Coming on Home Soon (Caldecott Honor Book),Caldecott Medal
188,Chanticleer and the Fox: A Caldecott Award Winner,Caldecott Medal
189,A Visit to William Blake's Inn: Poems for Innocent and Experienced Travelers,Caldecott Medal
190,The Funny Little Woman (Picture Puffins),Caldecott Medal
191,"The Glorious Flight: Across the Channel with Louis Bleriot July 25, 1909 (Picture Puffin Books)",Caldecott Medal
192,Lon Po Po: A Red-Riding Hood Story from China,Caldecott Medal
193,The Story of Jumping Mouse: A Caldecott Honor Award Winner,Caldecott Medal
194,Cathedral: A Caldecott Honor Award Winner (Sandpiper),Caldecott Medal
195,Play with Me (Picture Puffin Books),Caldecott Medal
196,Castle: A Caldecott Honor Award Winner,Caldecott Medal
197,Mr. Rabbit and the Lovely Present: A Caldecott Honor Award Winner,Caldecott Medal
198,Joseph Had a Little Overcoat,Caldecott Medal
199,Jambo Means Hello: Swahili Alphabet Book (Picture Puffin Books),Caldecott Medal
200,Truck: A Caldecott Honor Award Winner,Caldecott Medal
201,A Tree Is Nice (Rise and Shine),Caldecott Medal
202,Snow (Sunburst Books),Caldecott Medal
203,Color Zoo Board Book: A Caldecott Honor Award Winner,Caldecott Medal
204,Drummer Hoff,Caldecott Medal
205,Goggles (Picture Puffin Books),Caldecott Medal
206,Snowflake Bentley: A Caldecott Award Winner,Caldecott Medal
207,First the Egg (Caldecott Honor Book and Theodor Seuss Geisel Honor Book (Awards)),Caldecott Medal
208,The Wall: Growing Up Behind the Iron Curtain,Caldecott Medal
209,Smoky Night,Caldecott Medal
210,The Polar Express,Caldecott Medal
211,Rumpelstiltskin,Caldecott Medal
212,Moja Means One: Swahili Counting Book (Picture Puffin Books),Caldecott Medal
213,Hansel and Gretel,Caldecott Medal
214,"What Do You Say, Dear?: A Caldecott Honor Award Winner",Caldecott Medal
215,The Way to Start a Day,Caldecott Medal
216,Hot Air: The (Mostly) True Story of the First Hot-Air Balloon Ride,Caldecott Medal
217,Zin! Zin! Zin! A Violin (Aladdin Picture Books),Caldecott Medal
218,The Talking Eggs,Caldecott Medal
219,"Sam, Bangs & Moonshine (Owlet Book)",Caldecott Medal
220,Arrow to the Sun: A Pueblo Indian Tale,Caldecott Medal
221,Sector 7: A Caldecott Honor Award Winner (Caldecott Honor Book),Caldecott Medal
222,"The Hello, Goodbye Window",Caldecott Medal
223,Anansi the Spider: A Tale from the Ashanti,Caldecott Medal
224,Rapunzel (Caldecott Honor Book),Caldecott Medal
225,"When Sophie Gets Angry - Really, Really Angry… (Scholastic Bookshelf)",Caldecott Medal
226,Freight Train Board Book: A Caldecott Honor Award Winner (Caldecott Collection),Caldecott Medal
227,Moses: When Harriet Tubman Led Her People to Freedom (Caldecott Honor Book),Caldecott Medal
228,Little Red Riding Hood,Caldecott Medal
229,The Ugly Duckling (Caldecott Honor Book),Caldecott Medal
230,What Do You Do with a Tail Like This?,Caldecott Medal
231,Outside Over There: A Caldecott Honor Award Winner (Caldecott Collection),Caldecott Medal
232,Noah's Ark (Caldecott Honor Book),Caldecott Medal
233,Crow Boy (Picture Puffin Books),Caldecott Medal
234,Fables: A Caldecott Award Winner,Caldecott Medal
235,The Man Who Walked Between the Towers,Caldecott Medal
236,The Three Pigs,Caldecott Medal
237,Why Mosquitoes Buzz in People's Ears: A West African Tale,Caldecott Medal
238,When I Was Young in the Mountains (Reading Rainbow Books),Caldecott Medal
239,The Storm Book: A Caldecott Honor Award Winner,Caldecott Medal
240,Time of Wonder (Picture Puffins),Caldecott Medal
241,If I Ran the Zoo (Classic Seuss),Caldecott Medal
242,"""More More More,"" Said the Baby Board Book: A Caldecott Honor Award Winner (Caldecott Collection)",Caldecott Medal
243,The Red Book: A Caldecott Honor Award Winner (Caldecott Honor Book),Caldecott Medal
244,Kitten's First Full Moon Board Book: A Caldecott Award Winner,Caldecott Medal
245,McElligot's Pool (Classic Seuss),Caldecott Medal
246,Noah's Ark: (Caldecott Medal Winner),Caldecott Medal
247,Stone Soup,Caldecott Medal
248,Olivia,Caldecott Medal
249,The Garden of Abdul Gasazi: A Caldecott Honor Award Winner,Caldecott Medal
250,It Could Always Be Worse: A Yiddish Folk Tale (Michael Di Capua Books),Caldecott Medal
251,Tar Beach,Caldecott Medal
252,There Was an Old Lady Who Swallowed a Fly,Caldecott Medal
253,Ox-Cart Man,Caldecott Medal
254,One Morning in Maine,Caldecott Medal
255,King Bidgood's in the Bathtub,Caldecott Medal
256,Paddle-to-the-Sea: A Caldecott Honor Award Winner (Sandpiper Books),Caldecott Medal
257,Zen Shorts (A Stillwater and Friends Book) (Caldecott Honor Book),Caldecott Medal
258,The Snowy Day Board Book,Caldecott Medal
259,The Spider and the Fly,Caldecott Medal
260,Swimmy,Caldecott Medal
261,Bartholomew and the Oobleck: (Caldecott Honor Book) (Classic Seuss),Caldecott Medal
262,In the Night Kitchen: A Caldecott Honor Award Winner,Caldecott Medal
263,Flotsam,Caldecott Medal
264,Mufaro's Beautiful Daughters (Reading Rainbow Books),Caldecott Medal
265,The Fox Went Out on a Chilly Night (Picture Yearling Book),Caldecott Medal
266,Tuesday (Caldecott Medal Book) (Caldecott Honor Book),Caldecott Medal
267,The Little Island: (Caldecott Medal Winner),Caldecott Medal
268,Where the Wild Things Are: A Caldecott Award Winner,Caldecott Medal
269,Madeline,Caldecott Medal
270,"No, David!",Caldecott Medal
271,Knuffle Bunny: A Cautionary Tale,Caldecott Medal
272,Owl Moon,Caldecott Medal
273,The Stinky Cheese Man and Other Fairly Stupid Tales,Caldecott Medal
274,Blueberries for Sal,Caldecott Medal
275,"Click, Clack, Moo/Ready-to-Read Level 2: Cows That Type (A Click Clack Book)",Caldecott Medal
276,Officer Buckle & Gloria (CALDECOTT MEDAL BOOK),Caldecott Medal
277,The Little House: A Caldecott Award Winner,Caldecott Medal
278,A Chair for My Mother: A Caldecott Honor Award Winner (Reading Rainbow Books),Caldecott Medal
279,Tops & Bottoms (Caldecott Honor Book),Caldecott Medal
280,Knuffle Bunny Too: A Case of Mistaken Identity,Caldecott Medal
281,Saint George and the Dragon (Caldecott Medal Winner),Caldecott Medal
282,Owen: A Caldecott Honor Award Winner (Caldecott Honor Book),Caldecott Medal
283,The Relatives Came,Caldecott Medal
0,The Marvelous Land of Oz [Illustrated],Eisner Award
1,The Carter Family: Don't Forget This Song,Eisner Award
2,David Mazzucchelli Daredevil Born Again Artist Edition HC,Eisner Award
3,Beasts of Burden: Animal Rites,Eisner Award
4,Oz: The Wonderful Wizard of Oz,Eisner Award
5,Smile: A Graphic Novel,Eisner Award
6,Onward Towards Our Noble Deaths,Eisner Award
7,Archie: The Classic Newspaper Comics (1946-1948),Eisner Award
8,Bandette Volume 1: Presto!,Eisner Award
9,The Eternal Smile: Three Stories,Eisner Award
10,Return of the Dapper Men,Eisner Award
11,Annie Sullivan and the Trials of Helen Keller (The Center for Cartoon Studies Presents),Eisner Award
12,SNARKED: Forks and Hope: Forks and Hope,Eisner Award
13,Beasts of Burden,Eisner Award
14,MySpace Dark Horse Presents Volume 1,Eisner Award
15,"Popgun Volume 3 (Popgun, 3)",Eisner Award
16,Sin Titulo,Eisner Award
17,The Wonderful Wizard of Oz,Eisner Award
18,Tales Designed to Thrizzle: Volume 1,Eisner Award
19,Battlepug Volume 1,Eisner Award
20,Manara Library Volume 1: Indian Summer and Other Stories,Eisner Award
21,Avengers: I Am An Avenger II,Eisner Award
22,Absolute Justice,Eisner Award
23,Mouse Guard: Legends of the Guard Vol. 1,Eisner Award
24,The Rocketeer: The Complete Adventures,Eisner Award
25,Bloom County Digital Library Vol. 1 (Bloom County- The Complete Library),Eisner Award
26,A Drifting Life,Eisner Award
27,The Photographer: Into War-torn Afghanistan with Doctors Without Borders,Eisner Award
28,Green River Killer: A True Detective Story,Eisner Award
29,Daredevil By Mark Waid Vol. 1 (Daredevil Graphic Novel),Eisner Award
30,Tiny Titans Vol. 1: Welcome to the Treehouse,Eisner Award
31,Milk and Cheese: Dairy Products Gone Bad,Eisner Award
32,Wilson,Eisner Award
33,"Naoki Urasawa's 20th Century Boys, Vol. 2: The Prophet (2)",Eisner Award
34,Richard Stark's Parker: The Martini Edition,Eisner Award
35,"Naoki Urasawa's 20th Century Boys, Vol. 1: Friends",Eisner Award
36,It Was the War of the Trenches,Eisner Award
37,Mouse Guard: Legends of the Guard Volume 2 (5),Eisner Award
38,Dragon Puncher Book 2: Dragon Puncher Island,Eisner Award
39,Richard Stark's Parker: The Score,Eisner Award
40,The Walking Dead: Compendium One,Eisner Award
41,The Walking Dead: Compendium Two,Eisner Award
42,Darth Vader and Son,Eisner Award
43,Anya's Ghost,Eisner Award
44,Asterios Polyp,Eisner Award
45,Daytripper,Eisner Award
46,Building Stories,Eisner Award
47,"Saga, Vol. 2 (Saga, 2)",Eisner Award
48,Scott Pilgrim Vol. 5: Scott Pilgrim vs. the Universe (5),Eisner Award
49,Blacksad: A Silent Hell,Eisner Award
50,American Vampire Vol. 1,Eisner Award
51,Chew Volume 1: Tasters Choice,Eisner Award
52,Chew Volume 2: International Flavor,Eisner Award
53,"Walt Disney's Mickey Mouse ""Race To Death Valley"": Volume 1",Eisner Award
54,Richard Stark's Parker: The Hunter,Eisner Award
55,King City,Eisner Award
0,The Wanderer,Hugo & Nebula Awards
1,Rendezvous with Rama,Hugo & Nebula Awards
2,Way Station,Hugo & Nebula Awards
3,No Enemy but Time,Hugo & Nebula Awards
4,Black Cats and Broken Mirrors,Hugo & Nebula Awards
5,Storyteller: Writing Lessons and More from 27 Years of the Clarion Writers' Workshop,Hugo & Nebula Awards
6,Moving Mars: A Novel,Hugo & Nebula Awards
7,Man Plus,Hugo & Nebula Awards
8,Falling Free (Vorkosigan Saga) (Miles Vorsokigan Book 4),Hugo & Nebula Awards
9,The Atrocity Archives (Laundry Files Book 1),Hugo & Nebula Awards
10,The Uplift War (The Uplift Saga Book 3),Hugo & Nebula Awards
11,"The Forever Machine, No. 35",Hugo & Nebula Awards
12,The Quantum Rose (The Saga of the Skolian Empire),Hugo & Nebula Awards
13,Downbelow Station (Company Wars Book 1),Hugo & Nebula Awards
14,Stand on Zanzibar,Hugo & Nebula Awards
15,Flowers For Algernon,Hugo & Nebula Awards
16,Better to Have Loved: The Life of Judith Merril,Hugo & Nebula Awards
17,The Vor Game (Vorkosigan Saga) (Miles Vorsokigan Book 6),Hugo & Nebula Awards
18,A Time of Changes,Hugo & Nebula Awards
19,The Fountains of Paradise,Hugo & Nebula Awards
20,The Snow Queen,Hugo & Nebula Awards
21,"Tehanu (The Earthsea Cycle, Book 4)",Hugo & Nebula Awards
22,The Demolished Man,Hugo & Nebula Awards
23,Barrayar (Vorkosigan Saga) (Miles Vorsokigan Book 7),Hugo & Nebula Awards
24,"Hominids: The Neanderthal Parallax, Book 1",Hugo & Nebula Awards
25,Slow River: A Novel,Hugo & Nebula Awards
26,Gateway,Hugo & Nebula Awards
27,A Canticle for Leibowitz,Hugo & Nebula Awards
28,Stable Strategies and Others,Hugo & Nebula Awards
29,Lord of Light,Hugo & Nebula Awards
30,The Terminal Experiment,Hugo & Nebula Awards
31,Greetings From Earth: The Art of Bob Eggleton,Hugo & Nebula Awards
32,American Gods: The Tenth Anniversary Edition: A Novel,Hugo & Nebula Awards
33,The Chesley Awards for Science Fiction and Fantasy Art: A Retrospective,Hugo & Nebula Awards
34,The Big Time,Hugo & Nebula Awards
35,Double Star,Hugo & Nebula Awards
36,The Fellowship of the Ring: Book One in The Lord of the Rings Trilogy,Hugo & Nebula Awards
37,The Einstein Intersection,Hugo & Nebula Awards
38,The Faery Reel: Tales from the Twilight Realm (Mythic Anthologies),Hugo & Nebula Awards
39,The Falling Woman,Hugo & Nebula Awards
40,Mirror Dance (Vorkosigan Saga) (Miles Vorsokigan Book 8),Hugo & Nebula Awards
41,Forever Peace (Forever War),Hugo & Nebula Awards
42,The Art of Chesley Bonestell,Hugo & Nebula Awards
43,Blue Mars (Mars Trilogy Book 3),Hugo & Nebula Awards
44,Starlight 2,Hugo & Nebula Awards
45,The Moon and the Sun,Hugo & Nebula Awards
46,Inside Job,Hugo & Nebula Awards
47,The Man in the High Castle,Hugo & Nebula Awards
48,"To Your Scattered Bodies Go, Riverworld Saga, Book 1",Hugo & Nebula Awards
49,The Forever War,Hugo & Nebula Awards
50,Green Mars (Mars Trilogy Book 2),Hugo & Nebula Awards
51,Parable of the Talents,Hugo & Nebula Awards
52,The Speed of Dark,Hugo & Nebula Awards
53,Spin,Hugo & Nebula Awards
54,"Cyteen: Cyteen, Books 1-3",Hugo & Nebula Awards
55,Timescape,Hugo & Nebula Awards
56,The Dispossessed: A Novel,Hugo & Nebula Awards
57,Red Mars (Mars Trilogy Book 1),Hugo & Nebula Awards
58,A Deepness in the Sky,Hugo & Nebula Awards
59,Starship Troopers,Hugo & Nebula Awards
60,Darwin's Radio: A Novel,Hugo & Nebula Awards
61,Shadow & Claw: The First Half of The Book of the New Sun,Hugo & Nebula Awards
62,The Cambridge Companion to Science Fiction (Cambridge Companions to Literature),Hugo & Nebula Awards
63,Startide Rising (The Uplift Saga Book 2),Hugo & Nebula Awards
64,Ender's Game: Special 20th Anniversary Edition,Hugo & Nebula Awards
65,Where Late The Sweet Birds Sang: A Novel,Hugo & Nebula Awards
66,Paladin of Souls,Hugo & Nebula Awards
67,Dreamsnake,Hugo & Nebula Awards
68,A Case of Conscience (Del Rey Impact),Hugo & Nebula Awards
69,Coraline,Hugo & Nebula Awards
70,Neuromancer,Hugo & Nebula Awards
71,Hyperion,Hugo & Nebula Awards
72,Dune,Hugo & Nebula Awards
73,The Diamond Age,Hugo & Nebula Awards
74,A Fire Upon the Deep,Hugo & Nebula Awards
75,Foundation's Edge,Hugo & Nebula Awards
76,The Left Hand of Darkness,Hugo & Nebula Awards
77,Jonathan Strange & Mr. Norrell,Hugo & Nebula Awards
78,Ringworld,Hugo & Nebula Awards
79,The Gods Themselves,Hugo & Nebula Awards
80,Doomsday Book: A Novel of the Oxford Time Travel Series,Hugo & Nebula Awards
81,To Say Nothing of the Dog: A novel of the Oxford Time Travel series,Hugo & Nebula Awards
82,The Moon Is a Harsh Mistress,Hugo & Nebula Awards
83,Speaker for the Dead,Hugo & Nebula Awards
84,Stranger in a Strange Land,Hugo & Nebula Awards
0,Without Saying,National Book Award
1,"True Believer (Make Lemonade, Book 2)",National Book Award
2,Homeless Bird,National Book Award
3,United States: Essays 1952-1992,National Book Award
4,Garbage: A Poem,National Book Award
5,Touching Snow,National Book Award
6,Vice: New and Selected Poems,National Book Award
7,Capacity: Poems,National Book Award
8,Story of a Girl,National Book Award
9,Where I Want to Be,National Book Award
10,The Zero: A Novel (P.S.),National Book Award
11,Averno: Poems,National Book Award
12,Florida,National Book Award
13,"Like You'd Understand, Anyway (Vintage Contemporaries)",National Book Award
14,The Shore,National Book Award
15,This Time: New and Selected Poems,National Book Award
16,The Rules of Survival,National Book Award
17,Ralph Ellison: A Biography,National Book Award
18,Creatures of a Day: Poems,National Book Award
19,Madeleine Is Sleeping: A Novel,National Book Award
20,What I Saw And How I Lied,National Book Award
21,Becoming a Man: Half a Life Story,National Book Award
22,Watching the Spring Festival: Poems,National Book Award
23,"Spare Change: Poetry (National Poetry Book Series Award, 1997)",National Book Award
24,The Legend of Buddy Bush,National Book Award
25,Fire to Fire: New and Selected Poems: A National Book Award Winner,National Book Award
26,Messenger: New and Selected Poems 1976-2006,National Book Award
27,The Spectacular Now,National Book Award
28,"Brother, I'm Dying (Vintage Contemporaries)",National Book Award
29,The Moment's Equation,National Book Award
30,Life on the Outside: The Prison Odyssey of Elaine Bartlett,National Book Award
31,Collected Poems of Donald Justice,National Book Award
32,"Habitat: New and Selected Poems, 1965–2005",National Book Award
33,Star Dust: Poems,National Book Award
34,The News from Paraguay: A Novel,National Book Award
35,From Beirut to Jerusalem,National Book Award
36,The Singing: Poems,National Book Award
37,The Rest of Love: Poems,National Book Award
38,Dancing on the Edge,National Book Award
39,The House on Boulevard St.: New and Selected Poems (Southern Messenger Poets),National Book Award
40,Holy Skirts,National Book Award
41,Each Little Bird That Sings,National Book Award
42,The House of Morgan: An American Banking Dynasty and the Rise of Modern Finance,National Book Award
43,"An American Requiem: God, My Father, and the War that Came Between Us",National Book Award
44,In the Next Galaxy,National Book Award
45,Godless,National Book Award
46,The View from the Oak: The Private Worlds of Other Creatures,National Book Award
47,The Great Fire,National Book Award
48,A Disorder Peculiar to the Country: A Novel,National Book Award
49,Effort at Speech: New and Selected Poems,National Book Award
50,"Honey, Baby, Sweetheart",National Book Award
51,"Skin Hunger: A Resurrection of Magic, Book 1",National Book Award
52,"Scrambled Eggs & Whiskey: Poems, 1991-1995",National Book Award
53,Slaves in the Family,National Book Award
54,Eat the Document,National Book Award
55,Fieldwork,National Book Award
56,The End: A Novel,National Book Award
57,Autobiography of My Dead Brother,National Book Award
58,Echo Maker,National Book Award
59,Luna (National Book Award Finalist),National Book Award
60,Keturah and Lord Death,National Book Award
61,The Canning Season,National Book Award
62,Migration: New & Selected Poems,National Book Award
63,Waiting: A Novel,National Book Award
64,"Door in the Mountain: New and Collected Poems, 1965-2003 (Wesleyan Poetry Series)",National Book Award
65,When Zachary Beaver Came to Town,National Book Award
66,The Haunted Land: Facing Europe's Ghosts After Communism,National Book Award
67,Ideas of Heaven: A Ring of Stories,National Book Award
68,Where Shall I Wander: New Poems,National Book Award
69,Telex from Cuba: A Novel,National Book Award
70,Out of Eden: An Odyssey of Ecological Invasion,National Book Award
71,Inexcusable,National Book Award
72,Poems Seven: New and Complete Poetry,National Book Award
73,"The Astonishing Life of Octavian Nothing, Traitor to the Nation, Volume I: The Pox Party",National Book Award
74,American Born Chinese,National Book Award
75,Frolic of His Own,National Book Award
76,Chromatic,National Book Award
77,The Disreputable History of Frankie Landau-Banks (National Book Award Finalist),National Book Award
78,Europe Central,National Book Award
79,Worshipful Company of Fletchers,National Book Award
80,Final Salute: A Story of Unfinished Lives,National Book Award
81,Our Kind: A Novel in Stories,National Book Award
82,The Lazarus Project,National Book Award
83,Unruly Americans and the Origins of the Constitution,National Book Award
84,Parrot in the Oven: Mi vida (Cover May Vary),National Book Award
85,Trance: A Novel,National Book Award
86,Holes (Holes Series),National Book Award
87,Old Heart: Poems,National Book Award
88,Goest,National Book Award
89,Oracle Bones: A Journey Through Time in China,National Book Award
90,Then We Came to the End: A Novel,National Book Award
91,"At Canaan's Edge: America in the King Years, 1965-68",National Book Award
92,New and Selected Poems,National Book Award
93,The Suicide Index: Putting My Father's Death in Order,National Book Award
94,Three Junes,National Book Award
95,Imperial Life in The Emerald City: Inside Iraq's Green Zone,National Book Award
96,In America: A Novel,National Book Award
97,Freedom: Volume I: Freedom In The Making Of Western Culture,National Book Award
98,Time and Materials: Poems 1997-2005: A Pulitzer Prize Winner,National Book Award
99,Charming Billy: A Novel (Picador Modern Classics),National Book Award
100,Veronica,National Book Award
101,Waiting for Snow in Havana: Confessions of a Cuban Boy,National Book Award
102,Bury the Chains: Prophets and Rebels in the Fight to Free an Empire's Slaves,National Book Award
103,Jean-Jacques Rousseau: Restless Genius,National Book Award
104,Harlem Stomp!: A Cultural History of the Harlem Renaissance (National Book Award Finalist),National Book Award
105,Home (Oprah's Book Club): A Novel,National Book Award
106,The Corrections: A Novel (Recent Picador Highlights),National Book Award
107,Blessing the Boats: New and Selected Poems 1988-2000 (American Poets Continuum),National Book Award
108,Ship Fever: Stories,National Book Award
109,Embracing Defeat: Japan in the Wake of World War II,National Book Award
110,American Sphinx: The Character of Thomas Jefferson,National Book Award
111,The Underneath,National Book Award
112,"Passing Through: The Later Poems, New and Selected",National Book Award
113,Spartina,National Book Award
114,The Dark Side: The Inside Story of How The War on Terror Turned into a War on American Ideals,National Book Award
115,Only Revolutions: A Novel,National Book Award
116,The March: A Novel,National Book Award
117,Splay Anthem,National Book Award
118,Angle of Yaw,National Book Award
119,Varieties of Disturbance: Stories,National Book Award
120,"Arc of Justice: A Saga of Race, Civil Rights, and Murder in the Jazz Age",National Book Award
121,Legacy of Ashes: The History of the CIA,National Book Award
122,Middle Passage,National Book Award
123,The Noonday Demon: An Atlas of Depression,National Book Award
124,Washington's Crossing (Pivotal Moments in American History),National Book Award
125,Cold Mountain: 20th Anniversary Edition,National Book Award
126,Will in the World: How Shakespeare Became Shakespeare (Anniversary Edition),National Book Award
127,Chains (The Seeds of America Trilogy),National Book Award
128,The House of the Scorpion,National Book Award
129,"The Penderwicks: A Summer Tale of Four Sisters, Two Rabbits, and a Very Interesting Boy",National Book Award
130,This Republic of Suffering: Death and the American Civil War (Vintage Civil War Library),National Book Award
131,SOLD,National Book Award
132,What Work Is: Poems,National Book Award
133,Shadow Country,National Book Award
134,The Hemingses of Monticello: An American Family,National Book Award
135,Tree of Smoke,National Book Award
136,NEW LIFETIME RDG PLAN,National Book Award
137,"All the Pretty Horses (The Border Trilogy, Book 1)",National Book Award
138,The Invention of Hugo Cabret,National Book Award
139,The Worst Hard Time: The Untold Story of Those Who Survived the Great American Dust Bowl,National Book Award
140,The Year of Magical Thinking,National Book Award
141,The Absolutely True Diary of a Part-Time Indian (National Book Award Winner),National Book Award
142,The 9/11 Commission Report: Final Report of the National Commission on Terrorist Attacks Upon the United States,National Book Award
143,"How We Die: Reflections on Life's Final Chapter, New Edition",National Book Award
144,The Shipping News,National Book Award
145,Sabbath’s Theater,National Book Award
146,The Looming Tower: Al-Qaeda and the Road to 9/11,National Book Award
147,In the Heart of the Sea: The Tragedy of the Whaleship Essex,National Book Award
148,Master Of The Senate: The Years of Lyndon Johnson,National Book Award
149,Blood Dazzler,National Book Award
150,God Is Not Great: How Religion Poisons Everything,National Book Award
151,102 Minutes,National Book Award
152,Mating: A Novel,National Book Award
0,"Birthdays of Freedom: From Early Man to July 4, 1776",Newbery Medal
1,The Pageant of Chinese History,Newbery Medal
2,"Men, microscopes, and living things",Newbery Medal
3,Meggy MacIntosh: A Highland Girl in the Carolina Colony,Newbery Medal
4,Lone Journey: The Life of Roger Williams,Newbery Medal
5,The Golden Name Day,Newbery Medal
6,"Song of the pines;: A story of Norwegian lumbering in Wisconsin, (Land of the Free series)",Newbery Medal
7,Down Ryton Water,Newbery Medal
8,The Apprentice of Florence,Newbery Medal
9,The Winged Girl of Knossos,Newbery Medal
10,The Truce of the Wolf and Other Tales of Old Italy,Newbery Medal
11,Boy of the South Seas,Newbery Medal
12,The Fairy Circus,Newbery Medal
13,"Odd-Le-Uk, the Wanderer",Newbery Medal
14,Mountains Are Free,Newbery Medal
15,The Dark Star of Itza: The Story of a Pagan Princess,Newbery Medal
16,A Daughter of the Seine: The Life of Madame Roland,Newbery Medal
17,Abraham Lincoln,Newbery Medal
18,America Before the Mayflower: 2,Newbery Medal
19,Railroad to Freedom,Newbery Medal
20,The Boy Who Was,Newbery Medal
21,Vaino: A Boy of New Finland,Newbery Medal
22,New Land: A Novel for Boys and Girls,Newbery Medal
23,New found world,Newbery Medal
24,Winterbound,Newbery Medal
25,Children of the Soil: A Story of Scandanavia,Newbery Medal
26,The Jumping Off Place (Illustrated),Newbery Medal
27,Nicholas: A Manhattan Christmas Story,Newbery Medal
28,The Windy Hill,Newbery Medal
29,The Old Tobacco Shop A True Account of What Befell a Little Boy in Search of Adventure,Newbery Medal
30,The Great Quest,Newbery Medal
31,"Leader by destiny;: George Washington, man and patriot",Newbery Medal
32,America moves forward: A history for Peter,Newbery Medal
33,Graven Images,Newbery Medal
34,Sounder,Newbery Medal
35,"Hello, the Boat!",Newbery Medal
36,The Planet of Junior Brown,Newbery Medal
37,"Tom Paine, Freedom's Apostle",Newbery Medal
38,Have You Seen Tom Thumb?,Newbery Medal
39,Mr Justice Holmes,Newbery Medal
40,Magic Maize,Newbery Medal
41,Our Eddie,Newbery Medal
42,The Codfish Musket,Newbery Medal
43,Daniel Boone: 2,Newbery Medal
44,"Bhimsa, The Dancing Bear",Newbery Medal
45,Whistler's Van,Newbery Medal
46,Pran of Albania,Newbery Medal
47,Nansen,Newbery Medal
48,Jane's Island,Newbery Medal
49,"The High King: The Prydain Chronicles, Book 5",Newbery Medal
50,The Slave Dancer,Newbery Medal
51,"The Black Cauldron: The Prydain Chronicles, Book 2",Newbery Medal
52,Better Known As Johnny Appleseed,Newbery Medal
53,Honk the Moose,Newbery Medal
54,The Apple and the Arrow,Newbery Medal
55,Men of Athens,Newbery Medal
56,Spice and the Devil's Cave,Newbery Medal
57,Like Jake and Me,Newbery Medal
58,Black Fox of Lorne,Newbery Medal
59,Up a Road Slowly,Newbery Medal
60,Abel's Island,Newbery Medal
61,The Perilous Road,Newbery Medal
62,Upon the Head of the Goat: A Childhood in Hungary 1939-1944,Newbery Medal
63,Figgs & Phantoms,Newbery Medal
64,The Hundred Penny Box,Newbery Medal
65,Swift Rivers,Newbery Medal
66,Old Ramon,Newbery Medal
67,The Defender,Newbery Medal
68,The Great Wheel,Newbery Medal
69,Audubon,Newbery Medal
70,Theodore Roosevelt: Fighting Patriot,Newbery Medal
71,"M.C. Higgins, the Great",Newbery Medal
72,The Fearsome Inn,Newbery Medal
73,A Solitary Blue (The Tillerman Series #3),Newbery Medal
74,The Dark-Thirty: Southern Tales of the Supernatural,Newbery Medal
75,Afternoon of the Elves,Newbery Medal
76,The Many Ways of Seeing: An Introduction to the Pleasures of Art,Newbery Medal
77,Witches of Worm,Newbery Medal
78,Young Fu of the Upper Yangtze,Newbery Medal
79,Thimble Summer,Newbery Medal
80,"Jennifer, Hecate, Macbeth, William McKinley, and Me, Elizabeth",Newbery Medal
81,A Girl Named Disaster (Newbery Honor Book),Newbery Medal
82,Phebe Fairchild Her Book,Newbery Medal
83,"The Quaint and Curious Quest of Johnny Longfoot, the Shoe-King's Son",Newbery Medal
84,Pecos Bill: The Greatest Cowboy of All Time,Newbery Medal
85,The Big Tree of Bunlahy: Stories of My Own Countryside,Newbery Medal
86,Garram the Hunter: A Boy of the Hill Tribes,Newbery Medal
87,Tod of the Fens,Newbery Medal
88,The Runaway Papoose,Newbery Medal
89,The Voyagers: Being Legends and Romances of Atlantic Discovery,Newbery Medal
90,The Dream Coach,Newbery Medal
91,"Cedric, the Forester",Newbery Medal
92,"Rare Ralph Hubbard, Queer Person, 1st Ed. 1930, in DJ [Hardcover] Hubbard, Ralph",Newbery Medal
93,The Blue Cat of Castle Town (A Newbery Honor Book),Newbery Medal
94,Runner of the Mountain Tops: The Life of Louis Agassiz,Newbery Medal
95,Sugaring Time,Newbery Medal
96,Cow Tail Switch and Other West African Stories,Newbery Medal
97,Rufus M.,Newbery Medal
98,The Middle Moffat,Newbery Medal
99,What Jamie Saw,Newbery Medal
100,The Upstairs Room (Winner of the Newbery Honor) (The Upstairs Room Series Book 1),Newbery Medal
101,The Noonday Friends,Newbery Medal
102,Young Walter Scott,Newbery Medal
103,Young Mac of Fort Vancouver,Newbery Medal
104,Invincible Louisa: The Story of the Author of Little Women,Newbery Medal
105,To Be A Slave,Newbery Medal
106,The Headless Cupid (The Stanley Family Book 1),Newbery Medal
107,Belle Prater's Boy,Newbery Medal
108,Getting near to baby,Newbery Medal
109,"Carry On, Mr. Bowditch",Newbery Medal
110,Story of the Negro,Newbery Medal
111,Boy with a Pack,Newbery Medal
112,Belling The Tiger,Newbery Medal
113,Nino,Newbery Medal
114,Doctor De Soto,Newbery Medal
115,Penn,Newbery Medal
116,Caddie Woodlawn,Newbery Medal
117,Pancakes-Paris,Newbery Medal
118,Bright Island,Newbery Medal
119,Tree of Freedom,Newbery Medal
120,The Thief,Newbery Medal
121,The Winter Room,Newbery Medal
122,King of the Wind,Newbery Medal
123,The Tombs of Atuan (The Earthsea Cycle Series Book 2),Newbery Medal
124,Dicey's Song,Newbery Medal
125,Floating Island,Newbery Medal
126,Millions of Cats,Newbery Medal
127,Tales from Silver Lands,Newbery Medal
128,"A Ring of Endless Light (Austin Family, 4)",Newbery Medal
129,A Day On Skates,Newbery Medal
130,"Abraham Lincoln's World, Expanded Edition",Newbery Medal
131,Out of the Flame,Newbery Medal
132,The Wonderful Year,Newbery Medal
133,Davy Crockett,Newbery Medal
134,The Pigtail of Ah Lee Ben Loo,Newbery Medal
135,Shabanu (Shabanu Series),Newbery Medal
136,Sing Down the Moon,Newbery Medal
137,Clearing Weather,Newbery Medal
138,Misty of Chincoteague,Newbery Medal
139,Dogsong,Newbery Medal
140,Miracles on Maple Hill,Newbery Medal
141,The True Confessions of Charlotte Doyle (Scholastic Gold),Newbery Medal
142,The Wonder Smith and His Son: A Tale From the Golden Childhood of the World,Newbery Medal
143,Hattie Big Sky,Newbery Medal
144,The Secret River,Newbery Medal
145,The Grey King (The Dark Is Rising Book 4),Newbery Medal
146,A Corner Of The Universe,Newbery Medal
147,The Whipping Boy: A Newbery Award Winner,Newbery Medal
148,Shadow of a Bull,Newbery Medal
149,Everything on a Waffle,Newbery Medal
150,On My Honor,Newbery Medal
151,All Alone,Newbery Medal
152,The Egypt Game,Newbery Medal
153,The Cricket in Times Square: Revised and Updated Edition,Newbery Medal
154,Hidden Treasure of Glaston (Living History Library),Newbery Medal
155,The Golden Fleece and the Heroes who Lived Before Achilles,Newbery Medal
156,Nothing But the Truth (Scholastic Gold),Newbery Medal
157,"Gandhi, Fighter Without a Sword; 0",Newbery Medal
158,The Tangle-Coated Horse and Other Tales: Episodes from the Fionn Saga,Newbery Medal
159,Justin Morgan Had a Horse,Newbery Medal
160,Little Blacknose: The Story of a Pioneer,Newbery Medal
161,The Heavenly Tenants,Newbery Medal
162,Penny from Heaven,Newbery Medal
163,The Hundred Dresses,Newbery Medal
164,Island of the Blue Dolphins,Newbery Medal
165,The ABC Bunny (Fesler-Lampert Minnesota Heritage),Newbery Medal
166,"Philip Hall Likes Me, I Reckon Maybe",Newbery Medal
167,Hatchet,Newbery Medal
168,"Sweet Whispers, Brother Rush",Newbery Medal
169,Chucaro: Wild Pony of the Pampa (Newbery Honor Roll),Newbery Medal
170,"I, Juan de Pareja",Newbery Medal
171,Pictures of Hollis Woods,Newbery Medal
172,Shen of the Sea: Chinese Stories for Children,Newbery Medal
173,Missing May (Scholastic Gold),Newbery Medal
174,The Midwife's Apprentice,Newbery Medal
175,The Golden Basket (Dover Children's Classics),Newbery Medal
176,The Wanderer,Newbery Medal
177,Johnny Tremain: A Newbery Award Winner,Newbery Medal
178,Thistle and Thyme: Tales and Legends from Scotland,Newbery Medal
179,Commodore Perry in the Land of the Shogun: A Newbery Honor Award Winner,Newbery Medal
180,Waterless Mountain,Newbery Medal
181,Number the Stars,Newbery Medal
182,Gay Neck: The Story of a Pigeon,Newbery Medal
183,Enchantress from the Stars,Newbery Medal
184,"Our Only May Amelia (Newbery Honor Book, 2000)",Newbery Medal
185,Downright Dencey,Newbery Medal
186,The Story of Appleby Capple,Newbery Medal
187,"The Ear, the Eye, and the Arm",Newbery Medal
188,From the Mixed-Up Files of Mrs. Basil E. Frankweiler,Newbery Medal
189,Somewhere In The Darkness,Newbery Medal
190,"A Wrinkle in Time Archival Edition: Read by the Author: A Wrinkle in Time Quintet, Book 1",Newbery Medal
191,Hope Was Here,Newbery Medal
192,Journey Outside,Newbery Medal
193,The Moved-Outers (Newbery Honor Roll),Newbery Medal
194,My Brother Sam Is Dead (Scholastic Gold),Newbery Medal
195,Knee Knock Rise,Newbery Medal
196,When Shlemiel Went to Warsaw and Other Stories,Newbery Medal
197,Holes (Holes Series),Newbery Medal
198,"Sarah, Plain and Tall",Newbery Medal
199,"Joey Pigza Loses Control (Joey Pigza, 2)",Newbery Medal
200,"The Silver Pencil (Newbery Library, Puffin)",Newbery Medal
201,The Forgotten Daughter,Newbery Medal
202,What Hearts (Laura Geringer Books (Paperback)),Newbery Medal
203,The Black Pearl,Newbery Medal
204,Elijah of Buxton (Scholastic Gold),Newbery Medal
205,Crazy Lady,Newbery Medal
206,Rabbit Hill,Newbery Medal
207,Smoky the Cow Horse,Newbery Medal
208,Carver: A Life in Poems,Newbery Medal
209,Rascal (Puffin Modern Classics),Newbery Medal
210,One-Eyed Cat,Newbery Medal
211,Big Tree,Newbery Medal
212,"26 Fairmount Avenue (Newbery Honor Book, 2000)",Newbery Medal
213,The Dark Frigate,Newbery Medal
214,Because of Winn-Dixie,Newbery Medal
215,"Catherine, Called Birdy: A Newbery Honor Award Winner",Newbery Medal
216,Marshmallow: An Easter And Springtime Book For Kids,Newbery Medal
217,The Avion my Uncle Flew (Puffin Newbery Library),Newbery Medal
218,Across Five Aprils,Newbery Medal
219,Yolonda's Genius,Newbery Medal
220,Ginger Pye,Newbery Medal
221,The Higher Power of Lucky (Hard Pan Trilogy),Newbery Medal
222,The Sign of the Beaver,Newbery Medal
223,The Hero and the Crown,Newbery Medal
224,After the Rain,Newbery Medal
225,Lizzie Bright and the Buckminster Boy: A Newbery Honor Award Winner,Newbery Medal
226,Seabird: A Newbery Honor Award Winner,Newbery Medal
227,Olive's Ocean: A Newbery Honor Award Winner,Newbery Medal
228,The Blue Sword (Newbery Honor Roll),Newbery Medal
229,Adam of the Road,Newbery Medal
230,The King's Fifth,Newbery Medal
231,The Giver,Newbery Medal
232,All Sail Set: A Romance of the Flying Cloud,Newbery Medal
233,"Hurry Home, Candy",Newbery Medal
234,The Loner,Newbery Medal
235,The Jazz Man,Newbery Medal
236,The Horsecatcher (Bison Book),Newbery Medal
237,The Great Fire,Newbery Medal
238,Dobry (Puffin Newbery Library),Newbery Medal
239,The Westing Game,Newbery Medal
240,The Moves Make the Man,Newbery Medal
241,Anpao: A Newbery Honor Award Winner,Newbery Medal
242,Crispin: The Cross of Lead,Newbery Medal
243,The View from Saturday,Newbery Medal
244,The Animal Family: A Newbery Honor Award Winner,Newbery Medal
245,Kildee House (The Newbery Honor Roll),Newbery Medal
246,Kira-Kira,Newbery Medal
247,...And Now Miguel: A Newbery Award Winner,Newbery Medal
248,Hitler Youth: Growing Up in Hitler's Shadow (Scholastic Focus),Newbery Medal
249,The Light at Tern Rock (Puffin Newbery Library),Newbery Medal
250,A Year Down Yonder,Newbery Medal
251,Feathers,Newbery Medal
252,My Father's Dragon,Newbery Medal
253,Annie and the Old One (Newbery Honor Book),Newbery Medal
254,Fog Magic,Newbery Medal
255,Al Capone Does My Shirts (Tales from Alcatraz),Newbery Medal
256,"The Fledgling (Hall Family Chronicles, Book 4)",Newbery Medal
257,Princess Academy,Newbery Medal
258,The Story of Mankind,Newbery Medal
259,Moccasin Trail (Puffin Newbery Library),Newbery Medal
260,Secret of the Andes (Puffin Newberry Library),Newbery Medal
261,Frontier Living: An Illustrated Guide to Pioneer Life in America,Newbery Medal
262,The House of Sixty Fathers: A Newbery Honor Award Winner,Newbery Medal
263,A Long Way From Chicago (Puffin Modern Classics),Newbery Medal
264,"The Road from Home: A True Story of Courage, Survival and Hope",Newbery Medal
265,The Voyages of Doctor Dolittle (Doctor Dolittle Series),Newbery Medal
266,Shadrach,Newbery Medal
267,Roller Skates,Newbery Medal
268,Homesick (Puffin Modern Classics),Newbery Medal
269,A Single Shard,Newbery Medal
270,Zlateh the Goat and Other Stories,Newbery Medal
271,Along Came a Dog: A Newbery Honor Award Winner,Newbery Medal
272,Criss Cross,Newbery Medal
273,The Wish Giver: Three Tales of Coven Tree,Newbery Medal
274,Scorpions: A Newbery Honor Award Winner,Newbery Medal
275,"The White Stag (Newbery Library, Puffin)",Newbery Medal
276,"Li Lun, Lad of Courage (A Newbery Honor book)",Newbery Medal
277,The House of the Scorpion,Newbery Medal
278,"Dragon's Gate (Golden Mountain Chronicles, 1867)",Newbery Medal
279,Volcano: Eruption and Healing of Mt. St Helen's,Newbery Medal
280,Hitty Her First Hundred Years,Newbery Medal
281,Miss Hickory,Newbery Medal
282,The Good Master (Puffin Newberry Library),Newbery Medal
283,"A Gathering of Days: A New England Girl's Journal, 1830-32",Newbery Medal
284,Mountain Born,Newbery Medal
285,The Wednesday Wars: A Newbery Honor Award Winner,Newbery Medal
286,The Summer of the Swans,Newbery Medal
287,"Daughter of the Mountains (Newbery Library, Puffin)",Newbery Medal
288,Eleanor Roosevelt: A Newbery Honor Award Winner (Clarion Nonfiction),Newbery Medal
289,An American Plague: The True and Terrifying Story of the Yellow Fever Epidemic of 1793 (Newbery Honor Book),Newbery Medal
290,Incident at Hawk's Hill (Newbery Honor Book),Newbery Medal
291,Ramona and Her Father,Newbery Medal
292,Jacob Have I Loved: A Newbery Award Winner,Newbery Medal
293,The Great Gilly Hopkins,Newbery Medal
294,The Trumpeter of Krakow,Newbery Medal
295,By the Shores of Silver Lake,Newbery Medal
296,The Wright Brothers: How They Invented the Airplane,Newbery Medal
297,Lily's Crossing,Newbery Medal
298,Rules (Scholastic Gold),Newbery Medal
299,"The Long Winter: Little House, Book 6",Newbery Medal
300,Red Sails to Capri (Puffin Newberry Library),Newbery Medal
301,A Visit to William Blake's Inn: Poems for Innocent and Experienced Travelers,Newbery Medal
302,Shiloh: A Novel,Newbery Medal
303,"It's Like This, Cat",Newbery Medal
304,The Corn Grows Ripe (Puffin Newbery Library),Newbery Medal
305,Indian Captive: The Story of Mary Jemison,Newbery Medal
306,The Door in the Wall,Newbery Medal
307,Gone-Away Lake (Gone-Away Lake Books (Paperback)),Newbery Medal
308,"On the Banks of Plum Creek: Little House, Book 4",Newbery Medal
309,"Little Town on the Prairie: Little House, Book 7",Newbery Medal
310,George Washington's World,Newbery Medal
311,"Bud, Not Buddy: (Newbery Medal Winner)",Newbery Medal
312,Blue Willow,Newbery Medal
313,Calico Bush,Newbery Medal
314,Lincoln: A Newbery Award Winner,Newbery Medal
315,The Matchlock Gun,Newbery Medal
316,"These Happy Golden Years: Little House, Book 8",Newbery Medal
317,The Dark Is Rising: Book 2 of The Dark Is Rising Sequence,Newbery Medal
318,"The Singing Tree (Newbery Library, Puffin)",Newbery Medal
319,The Twenty-One Balloons,Newbery Medal
320,The Wheel on the School,Newbery Medal
321,"Amos Fortune, Free Man (Newbery Library, Puffin)",Newbery Medal
322,The Bears on Hemlock Mountain,Newbery Medal
323,Julie of the Wolves (HarperClassics),Newbery Medal
324,Minn of the Mississippi,Newbery Medal
325,Wringer: A Newbery Honor Award Winner (Trophy Newbery),Newbery Medal
326,"The Tale of Despereaux: Being the Story of a Mouse, a Princess, Some Soup, and a Spool of Thread",Newbery Medal
327,Dear Mr. Henshaw: A Newbery Award Winner,Newbery Medal
328,Dragonwings,Newbery Medal
329,Show Way,Newbery Medal
330,In the Beginning: Creation Stories from Around the World,Newbery Medal
331,"Roll of Thunder, Hear My Cry",Newbery Medal
332,Banner in the Sky: A Newbery Honor Award Winner,Newbery Medal
333,Hoot,Newbery Medal
334,Strawberry Girl 60th Anniversary Edition: A Newbery Award Winner (Trophy Newbery),Newbery Medal
335,Rifles for Watie,Newbery Medal
336,Joyful Noise: A Newbery Award Winner,Newbery Medal
337,Charlotte's Web: A Newbery Honor Award Winner (Trophy Newbery),Newbery Medal
338,Bridge to Terabithia,Newbery Medal
339,Walk Two Moons (Trophy Newbery),Newbery Medal
340,Mr. Popper's Penguins (Newbery Honor Book),Newbery Medal
341,Maniac Magee (Newbery Medal Winner),Newbery Medal
342,Mrs. Frisby and the Rats of NIMH,Newbery Medal
343,"Ramona Quimby, Age 8",Newbery Medal
344,The Watsons Go to Birmingham--1963,Newbery Medal
345,The Bronze Bow: A Newbery Award Winner,Newbery Medal
346,Ella Enchanted: A Newbery Honor Award Winner (Trophy Newbery),Newbery Medal
347,Out of the Dust,Newbery Medal
348,"The Golden Goblet (Newbery Library, Puffin)",Newbery Medal
349,Old Yeller (HarperClassics),Newbery Medal
350,Frog and Toad Together: A Newbery Honor Award Winner (I Can Read Level 2),Newbery Medal
351,The Courage of Sarah Noble,Newbery Medal
352,Call It Courage,Newbery Medal
0,Near Changes,Pulitzer Prize
1,The Collected Stories of Jean Stafford,Pulitzer Prize
2,Arab and Jew: Wounded Spirits in a Promised Land,Pulitzer Prize
3,Black Zodiac: Poems,Pulitzer Prize
4,Louise Bogan: A Portrait,Pulitzer Prize
5,The Flying Change: Poems,Pulitzer Prize
6,Humboldt's Gift,Pulitzer Prize
7,Beloved,Pulitzer Prize
8,"The Launching of Modern American Science, 1846-1876",Pulitzer Prize
9,The Keepers of the House,Pulitzer Prize
10,Repair: Poems,Pulitzer Prize
11,A Good Scent from a Strange Mountain,Pulitzer Prize
12,Moy Sand and Gravel: Poems,Pulitzer Prize
13,The Kentucky Cycle,Pulitzer Prize
14,"Bearing the Cross: Martin Luther King, Jr., and the Southern Christian Leadership Conference",Pulitzer Prize
15,Foreign Affairs: A Novel,Pulitzer Prize
16,The Executioner's Song,Pulitzer Prize
17,The Fixer: A Novel (FSG Classics),Pulitzer Prize
18,Partial Accounts,Pulitzer Prize
19,"Carry Me Home : Birmingham, Alabama: The Climactic Battle of the Civil Rights Revolution",Pulitzer Prize
20,Mambo Kings Play Songs of Love: A Novel,Pulitzer Prize
21,Native Guard: A Pulitzer Prize Winner,Pulitzer Prize
22,"Angels in America, Part One: Millennium Approaches",Pulitzer Prize
23,The Haunted Land: Facing Europe's Ghosts After Communism,Pulitzer Prize
24,"Guns, Germs and Steel: The Fate of Human Societies",Pulitzer Prize
25,The Color Purple,Pulitzer Prize
26,The Stone Diaries: (Penguin Classics Deluxe Edition),Pulitzer Prize
27,A Thousand Acres: A Novel,Pulitzer Prize
28,Blizzard of One: Poems,Pulitzer Prize
29,A Nation Under Our Feet: Black Political Struggles in the Rural South from Slavery to the Great Migration,Pulitzer Prize
30,Look Homeward: A Life of Thomas Wolfe,Pulitzer Prize
31,"And Their Children After Them: The Legacy of Let Us Now Praise Famous Men: James Agee, Walker Evans, and the Rise and Fall of Cotton in the South",Pulitzer Prize
32,Summer for the Gods: The Scopes Trial and America's Continuing Debate over Science and Religion,Pulitzer Prize
33,"Independence Day: Frank Bascombe, Book 2",Pulitzer Prize
34,House Made of Dawn: A Novel,Pulitzer Prize
35,Breathing Lessons: A Novel,Pulitzer Prize
36,Failure: A Pulitzer Prize Winner,Pulitzer Prize
37,Lincoln at Gettysburg: The Words that Remade America,Pulitzer Prize
38,"W. E. B. Du Bois, 1919-1963: The Fight for Equality and the American Century",Pulitzer Prize
39,Angle of Repose,Pulitzer Prize
40,Harriet Beecher Stowe: A Life,Pulitzer Prize
41,The Making of the Atomic Bomb: 25th Anniversary Edition,Pulitzer Prize
42,Time and Materials: Poems 1997-2005: A Pulitzer Prize Winner,Pulitzer Prize
43,Different Hours: Poems,Pulitzer Prize
44,The Fate of Liberty: Abraham Lincoln and Civil Liberties,Pulitzer Prize
45,Walking to Martha's Vineyard: Poems,Pulitzer Prize
46,Battle Cry of Freedom: The Civil War Era,Pulitzer Prize
47,Eden's Outcasts: The Story of Louisa May Alcott and Her Father,Pulitzer Prize
48,"The Prize: The Epic Quest for Oil, Money & Power",Pulitzer Prize
49,"Ashes to Ashes: America's Hundred-Year Cigarette War, the Public Health, and the Unabashed Triumph of Philip Morris",Pulitzer Prize
50,Late Wife: Poems (Southern Messenger Poets),Pulitzer Prize
51,"The Race Beat: The Press, the Civil Rights Struggle, and the Awakening of a Nation",Pulitzer Prize
52,The Mammary Plays: Two Plays,Pulitzer Prize
53,The Young Man From Atlanta. (Acting Edition for Theater Productions),Pulitzer Prize
54,浏览医疗保健产品,Pulitzer Prize
55,William Cooper's Town: Power and Persuasion on the Frontier of the Early American Republic,Pulitzer Prize
56,Machiavelli in Hell,Pulitzer Prize
57,Driving Miss Daisy,Pulitzer Prize
58,"Nazi Germany and the Jews, 1939-1945: The Years of Extermination",Pulitzer Prize
59,In Our Image: America's Empire in the Philippines,Pulitzer Prize
60,Vera (Mrs. Vladimir Nabokov),Pulitzer Prize
61,The Most Famous Man in America: The Biography of Henry Ward Beecher,Pulitzer Prize
62,I Am My Own Wife: A Play,Pulitzer Prize
63,Neon Vernacular: New and Selected Poems (Wesleyan Poetry Series),Pulitzer Prize
64,Polio: An American Story,Pulitzer Prize
65,Dinner with Friends (TCG Edition),Pulitzer Prize
66,The Simple Truth: Poems,Pulitzer Prize
67,Selected Poems,Pulitzer Prize
68,New And Collected Poems: A Pulitzer Prize Winner (Harvest Book),Pulitzer Prize
69,Gilead (Oprah's Book Club): A Novel,Pulitzer Prize
70,Voyagers to the West: A Passage in the Peopling of America on the Eve of the Revolution,Pulitzer Prize
71,Oscar Wilde,Pulitzer Prize
72,Middlesex: A Novel (Oprah's Book Club),Pulitzer Prize
73,"Freedom from Fear: The American People in Depression and War, 1929–1945",Pulitzer Prize
74,Rent,Pulitzer Prize
75,Practical Gods (Penguin Poets),Pulitzer Prize
76,The Heidi Chronicles: Uncommon Women and Others & Isn't It Romantic,Pulitzer Prize
77,Hirohito and the Making of Modern Japan,Pulitzer Prize
78,Dream Of The Unified Field,Pulitzer Prize
79,Embracing Defeat: Japan in the Wake of World War II,Pulitzer Prize
80,Thomas and Beulah (Carnegie Mellon Poetry Series),Pulitzer Prize
81,Three Tall Women,Pulitzer Prize
82,Khrushchev: The Man and His Era,Pulitzer Prize
83,de Kooning: An American Master,Pulitzer Prize
84,Elbow Room,Pulitzer Prize
85,Rabbit Hole (movie tie-in),Pulitzer Prize
86,Rabbit at Rest,Pulitzer Prize
87,Fortunate Son: The Healing of a Vietnam Vet,Pulitzer Prize
88,God: A Biography,Pulitzer Prize
89,Ironweed: A Novel,Pulitzer Prize
90,Rabbit Is Rich,Pulitzer Prize
91,A Summons to Memphis,Pulitzer Prize
92,Martin Dressler: The Tale of an American Dreamer (Vintage Contemporaries),Pulitzer Prize
93,Interpreter Of Maladies: A Pulitzer Prize Winner,Pulitzer Prize
94,...the Heavens and the Earth: A Political History of the Space Age,Pulitzer Prize
95,The World Doesn't End,Pulitzer Prize
96,Delights & Shadows,Pulitzer Prize
97,Lonesome Dove: A Novel,Pulitzer Prize
98,The Known World,Pulitzer Prize
99,Empire Falls (Vintage Contemporaries),Pulitzer Prize
100,The Killer Angels: The Classic Novel of the Civil War,Pulitzer Prize
101,"""A Problem From Hell""",Pulitzer Prize
102,Original Meanings: Politics and Ideas in the Making of the Constitution,Pulitzer Prize
103,The Stories of John Cheever,Pulitzer Prize
104,The Metaphysical Club: A Story of Ideas in America,Pulitzer Prize
105,Gotham: A History of New York City to 1898,Pulitzer Prize
106,The Brief Wondrous Life of Oscar Wao (Pulitzer Prize Winner),Pulitzer Prize
107,The Ants,Pulitzer Prize
108,"Lost in Yonkers (Drama, Plume)",Pulitzer Prize
109,The Collected Stories of Katherine Anne Porter,Pulitzer Prize
110,Common Ground: A Turbulent Decade in the Lives of Three American Families,Pulitzer Prize
111,Annals of the Former World,Pulitzer Prize
112,The Confessions of Nat Turner,Pulitzer Prize
113,Jackson Pollock: An American Saga,Pulitzer Prize
114,"What Hath God Wrought: The Transformation of America, 1815-1848 (Oxford History of the United States)",Pulitzer Prize
115,Washington's Crossing (Pivotal Moments in American History),Pulitzer Prize
116,Alive Together: New and Selected Poems,Pulitzer Prize
117,Anna in the Tropics (TCG Edition),Pulitzer Prize
118,August: Osage County (TCG Edition),Pulitzer Prize
119,Angela's Ashes,Pulitzer Prize
120,The Wild Iris,Pulitzer Prize
121,The Shipping News,Pulitzer Prize
122,Doubt: A Parable,Pulitzer Prize
123,Gulag: A History,Pulitzer Prize
124,Topdog/Underdog,Pulitzer Prize
125,A Bright Shining Lie: John Paul Vann and America in Vietnam,Pulitzer Prize
126,The Looming Tower: Al-Qaeda and the Road to 9/11,Pulitzer Prize
127,The Optimist's Daughter (Vintage International),Pulitzer Prize
128,Parting the Waters : America in the King Years 1954-63,Pulitzer Prize
129,Master Of The Senate: The Years of Lyndon Johnson,Pulitzer Prize
130,The Amazing Adventures of Kavalier & Clay (with bonus content): A Novel,Pulitzer Prize
131,The Radicalism of the American Revolution,Pulitzer Prize
132,Lenin's Tomb: The Last Days of the Soviet Empire,Pulitzer Prize
133,Founding Brothers: The Revolutionary Generation,Pulitzer Prize
134,"An Army at Dawn: The War in North Africa (1942-1943): The Liberation Trilogy, Volume 1",Pulitzer Prize
135,American Prometheus: The Inspiration for the Major Motion Picture OPPENHEIMER,Pulitzer Prize
136,The Road (Oprah's Book Club),Pulitzer Prize
137,Fences,Pulitzer Prize
138,A Confederacy of Dunces,Pulitzer Prize
139,March: A Novel,Pulitzer Prize
140,Truman,Pulitzer Prize
141,No Ordinary Time: Franklin and Eleanor Roosevelt: The Home Front in World War II,Pulitzer Prize
142,Wit: A Play,Pulitzer Prize
143,"The Hours: A Novel (Picador Modern Classics, 1)",Pulitzer Prize
144,"Ghost Wars: The Secret History of the CIA, Afghanistan, and bin Laden, from the Soviet Invasion to September 10, 2001",Pulitzer Prize
145,The Piano Lesson,Pulitzer Prize
146,John Adams,Pulitzer Prize
147,The Beak of the Finch: A Story of Evolution in Our Time,Pulitzer Prize
148,American Pastoral: American Trilogy (1) (Vintage International),Pulitzer Prize
149,Proof: A Play,Pulitzer Prize
150,"A Midwife's Tale: The Life of Martha Ballard, Based on Her Diary, 1785-1812",Pulitzer Prize
